<ImportExportXml xmlns:xsi="http://www.w3.org/2001/XMLSchema-instance">
  <Entities></Entities>
  <Roles></Roles>
  <Workflows></Workflows>
  <FieldSecurityProfiles></FieldSecurityProfiles>
  <Templates />
  <RibbonDiffXml>
    <CustomActions>
      <CustomAction Id="new.Mscrm.Form.{!EntityLogicalName}.NewRecord.CustomAction" Location="Mscrm.Form.{!EntityLogicalName}.MainTab.Save.Controls._children" Sequence="45">
        <CommandUIDefinition>
          <Button Alt="$Resources:Ribbon.HomepageGrid.MainTab.New" Command="Xrm.MFD.NewFromForm" Id="Mscrm.Form.{!EntityLogicalName}.NewRecord" Image32by32="/_imgs/ribbon/newrecord32.png" Image16by16="/_imgs/ribbon/NewRecord_16.png" LabelText="$Resources:Ribbon.HomepageGrid.MainTab.New" Sequence="45" TemplateAlias="o1" ToolTipTitle="$Resources:Ribbon.HomepageGrid.MainTab.New" ToolTipDescription="$Resources(EntityDisplayName):Ribbon.Tooltip.New" ModernImage="New" />
        </CommandUIDefinition>
      </CustomAction>
      <CustomAction Id="new.Mscrm.HomepageGrid.{!EntityLogicalName}.NewRecord.CustomAction" Location="Mscrm.HomepageGrid.{!EntityLogicalName}.MainTab.Management.Controls._children" Sequence="10">
        <CommandUIDefinition>
          <Button Alt="$Resources:Ribbon.HomepageGrid.MainTab.New" Command="XRM.MFD.NewRecordFromView" Id="Mscrm.HomepageGrid.{!EntityLogicalName}.NewRecord" Image32by32="/_imgs/ribbon/newrecord32.png" Image16by16="/_imgs/ribbon/New_16.png" LabelText="$Resources:Ribbon.HomepageGrid.MainTab.New" Sequence="10" TemplateAlias="o1" ToolTipTitle="$Resources:Ribbon.HomepageGrid.MainTab.New" ToolTipDescription="$Resources(EntityDisplayName):Ribbon.Tooltip.New" ModernImage="New" />
        </CommandUIDefinition>
      </CustomAction>
      <CustomAction Id="new.Mscrm.OpenRecordItem.CustomAction" Location="Mscrm.SubGrid.{!EntityLogicalName}.MainTab.Management.Controls._children" Sequence="55">
        <CommandUIDefinition>
          <Button Command="Mscrm.OpenRecordItem" Id="Mscrm.OpenRecordItem" LabelText="$LocLabels:Mscrm.OpenRecordItem.LabelText" Sequence="55" TemplateAlias="o2" />
        </CommandUIDefinition>
      </CustomAction>
      <CustomAction Id="new.Mscrm.OpenRecordItem2.CustomAction" Location="Mscrm.HomepageGrid.{!EntityLogicalName}.MainTab.Management.Controls._children" Sequence="10">
        <CommandUIDefinition>
          <Button Alt="$LocLabels:Mscrm.OpenRecordItem2.Alt" Command="Mscrm.OpenRecordItem" Id="Mscrm.OpenRecordItem" LabelText="$LocLabels:Mscrm.OpenRecordItem2.LabelText" Sequence="10" TemplateAlias="o1" ToolTipTitle="$LocLabels:Mscrm.OpenRecordItem2.ToolTipTitle" ToolTipDescription="$LocLabels:Mscrm.OpenRecordItem2.ToolTipDescription" />
        </CommandUIDefinition>
      </CustomAction>
      <CustomAction Id="new.Mscrm.SubGrid.{!EntityLogicalName}.AddNewStandard.CustomAction" Location="Mscrm.SubGrid.{!EntityLogicalName}.MainTab.Management.Controls._children" Sequence="20">
        <CommandUIDefinition>
          <Button Alt="$Resources(EntityDisplayName):Ribbon.SubGrid.AddNew" Command="Xrm.MFD.AddNewFromSubgrid" Id="Mscrm.SubGrid.{!EntityLogicalName}.AddNewStandard" Image32by32="/_imgs/ribbon/newrecord32.png" Image16by16="/_imgs/ribbon/New_16.png" LabelText="$Resources(EntityDisplayName):Ribbon.SubGrid.AddNew" Sequence="20" TemplateAlias="o1" ToolTipTitle="$Resources(EntityDisplayName):Mscrm_SubGrid_EntityLogicalName_MainTab_Management_AddNewStandard_ToolTipTitle" ToolTipDescription="$Resources(EntityDisplayName):Mscrm_SubGrid_EntityLogicalName_MainTab_Management_AddNewStandard_ToolTipDescription" ModernImage="New" />
        </CommandUIDefinition>
      </CustomAction>
      <CustomAction Id="new.Mscrm.SubGrid.{!EntityLogicalName}.Edit.CustomAction" Location="Mscrm.SubGrid.{!EntityLogicalName}.MainTab.Management.Controls._children" Sequence="50">
        <CommandUIDefinition>
          <Button Alt="$Resources:Ribbon.HomepageGrid.MainTab.Management.Edit" Command="Mscrm.OpenRecordItem" Id="Mscrm.SubGrid.{!EntityLogicalName}.Edit" Image32by32="/_imgs/ribbon/edit32.png" Image16by16="/_imgs/ribbon/Edit_16.png" LabelText="$Resources:Ribbon.HomepageGrid.MainTab.Management.Edit" Sequence="50" TemplateAlias="o1" ToolTipTitle="$Resources:Ribbon.HomepageGrid.MainTab.Management.Edit" ToolTipDescription="$Resources(EntityDisplayName):Ribbon.Tooltip.Edit" ModernImage="Edit" />
        </CommandUIDefinition>
      </CustomAction>
    </CustomActions>
    <Templates>
      <RibbonTemplates Id="Mscrm.Templates"></RibbonTemplates>
    </Templates>
    <CommandDefinitions>
      <CommandDefinition Id="Mscrm.OpenRecordItem">
        <EnableRules />
        <DisplayRules />
        <Actions>
          <JavaScriptFunction FunctionName="openMFD" Library="$webresource:new_/Scripts/RibbonMFD.js">
            <CrmParameter Value="SelectedControlSelectedItemReferences" />
            <CrmParameter Value="SelectedControl" />
          </JavaScriptFunction>
        </Actions>
      </CommandDefinition>
      <CommandDefinition Id="Xrm.MFD.AddNewFromSubgrid">
        <EnableRules>
          <EnableRule Id="Mscrm.AppendToPrimary" />
          <EnableRule Id="Mscrm.EntityFormIsEnabled" />
          <EnableRule Id="Mscrm.IsEntityAvailableForUserInMocaOffline" />
        </EnableRules>
        <DisplayRules>
          <DisplayRule Id="Mscrm.ShowForOneToManyGrids" />
          <DisplayRule Id="Mscrm.AppendToPrimary" />
          <DisplayRule Id="Mscrm.CreateSelectedEntityPermission" />
          <DisplayRule Id="Mscrm.AppendSelected" />
          <DisplayRule Id="Mscrm.HideAddNewForChildEntities" />
        </DisplayRules>
        <Actions>
          <JavaScriptFunction FunctionName="addNewMFDFromSubgrid" Library="$webresource:new_/Scripts/RibbonMFD.js">
            <CrmParameter Value="SelectedEntityTypeName" />
            <CrmParameter Value="PrimaryEntityTypeName" />
            <CrmParameter Value="FirstPrimaryItemId" />
            <CrmParameter Value="PrimaryControl" />
            <CrmParameter Value="SelectedControl" />
          </JavaScriptFunction>
        </Actions>
      </CommandDefinition>
      <CommandDefinition Id="Xrm.MFD.NewFromForm">
        <EnableRules>
          <EnableRule Id="Mscrm.AvailableOnForm" />
          <EnableRule Id="Mscrm.IsEntityAvailableForUserInMocaOffline" />
        </EnableRules>
        <DisplayRules>
          <DisplayRule Id="Mscrm.PrimaryIsNotActivity" />
          <DisplayRule Id="Mscrm.HideInLegacyRibbon" />
          <DisplayRule Id="Mscrm.CreatePrimaryEntityPermission" />
          <DisplayRule Id="Mscrm.PrimaryEntityIsNotBPFEntity" />
        </DisplayRules>
        <Actions>
          <JavaScriptFunction FunctionName="newMFD" Library="$webresource:new_/Scripts/RibbonMFD.js">
            <CrmParameter Value="PrimaryEntityTypeName" />
          </JavaScriptFunction>
        </Actions>
      </CommandDefinition>
      <CommandDefinition Id="XRM.MFD.NewRecordFromView">
        <EnableRules />
        <DisplayRules>
          <DisplayRule Id="Mscrm.CreateSelectedEntityPermission" />
          <DisplayRule Id="Mscrm.ShowForNonRelationshipBoundGrids" />
          <DisplayRule Id="Mscrm.HideNewForChildEntities" />
          <DisplayRule Id="Mscrm.HideAddressEntities" />
          <DisplayRule Id="Mscrm.SelectedEntityIsNotBPFEntity" />
          <DisplayRule Id="Mscrm.IsNotActivityPointer" />
        </DisplayRules>
        <Actions>
          <JavaScriptFunction FunctionName="newMFD" Library="$webresource:new_/Scripts/RibbonMFD.js">
            <CrmParameter Value="PrimaryEntityTypeName" />
            <CrmParameter Value="SelectedControl" />
          </JavaScriptFunction>
        </Actions>
      </CommandDefinition>
    </CommandDefinitions>
    <RuleDefinitions>
      <TabDisplayRules />
      <DisplayRules>
        <DisplayRule Id="Mscrm.AppendSelected">
          <EntityPrivilegeRule PrivilegeType="Append" PrivilegeDepth="Basic" AppliesTo="SelectedEntity" />
        </DisplayRule>
        <DisplayRule Id="Mscrm.AppendToPrimary">
          <EntityPrivilegeRule PrivilegeType="AppendTo" PrivilegeDepth="Basic" AppliesTo="PrimaryEntity" />
        </DisplayRule>
        <DisplayRule Id="Mscrm.CreateSelectedEntityPermission">
          <EntityPrivilegeRule PrivilegeType="Create" PrivilegeDepth="Basic" AppliesTo="SelectedEntity" />
        </DisplayRule>
        <DisplayRule Id="Mscrm.HideAddNewForChildEntities">
          <OrRule>
            <Or>
              <EntityPropertyRule AppliesTo="SelectedEntity" PropertyName="IsChildEntity" PropertyValue="false" />
            </Or>
            <Or>
              <RelationshipTypeRule AppliesTo="SelectedEntity" AllowCustomRelationship="false" />
            </Or>
          </OrRule>
        </DisplayRule>
        <DisplayRule Id="Mscrm.ShowForOneToManyGrids">
          <RelationshipTypeRule AppliesTo="SelectedEntity" RelationshipType="OneToMany" />
        </DisplayRule>
        <DisplayRule Id="Xrm.HideAlways">
          <SkuRule Sku="Spla" Default="false" InvertResult="false" />
        </DisplayRule>
      </DisplayRules>
      <EnableRules>
        <EnableRule Id="Mscrm.AppendToPrimary">
          <RecordPrivilegeRule PrivilegeType="AppendTo" AppliesTo="PrimaryEntity" />
        </EnableRule>
        <EnableRule Id="Mscrm.EntityFormIsEnabled">
          <FormStateRule State="Disabled" InvertResult="true" />
        </EnableRule>
        <EnableRule Id="Mscrm.IsEntityAvailableForUserInMocaOffline">
          <CustomRule FunctionName="XrmCore.Rules.Online.IsEntityAvailableForUserInMocaOffline" Library="$webresource:Main_system_library.js">
            <CrmParameter Value="SelectedEntityTypeName" />
          </CustomRule>
        </EnableRule>
      </EnableRules>
    </RuleDefinitions>
    <LocLabels>
      <LocLabel Id="Mscrm.OpenRecordItem.LabelText">
        <Titles>
          <Title description="OpenMFD" languagecode="1033" />
        </Titles>
      </LocLabel>
      <LocLabel Id="Mscrm.OpenRecordItem2.Alt">
        <Titles>
          <Title description="OpenMFD" languagecode="1033" />
        </Titles>
      </LocLabel>
      <LocLabel Id="Mscrm.OpenRecordItem2.LabelText">
        <Titles>
          <Title description="OpenMFD" languagecode="1033" />
        </Titles>
      </LocLabel>
      <LocLabel Id="Mscrm.OpenRecordItem2.ToolTipDescription">
        <Titles>
          <Title description="OpenMFD" languagecode="1033" />
        </Titles>
      </LocLabel>
      <LocLabel Id="Mscrm.OpenRecordItem2.ToolTipTitle">
        <Titles>
          <Title description="OpenMFD" languagecode="1033" />
        </Titles>
      </LocLabel>
    </LocLabels>
  </RibbonDiffXml>
  <EntityMaps />
  <EntityRelationships />
  <OrganizationSettings />
  <optionsets />
  <WebResources>
    <WebResource>
      <WebResourceId>{6f8250ae-b41a-eb11-a813-000d3a329613}</WebResourceId>
      <Name>new_/Scripts/RibbonMFD.js</Name>
      <DisplayName>Ribbon MFD</DisplayName>
      <Description>methods to open forms in dialogs utilizing NavigateTo</Description>
      <WebResourceType>3</WebResourceType>
      <IntroducedVersion>1.0.0.1</IntroducedVersion>
      <IsEnabledForMobileClient>0</IsEnabledForMobileClient>
      <IsAvailableForMobileOffline>0</IsAvailableForMobileOffline>
      <DependencyXml>&lt;Dependencies&gt;&lt;Dependency componentType="WebResource"/&gt;&lt;/Dependencies&gt;</DependencyXml>
      <IsCustomizable>1</IsCustomizable>
      <CanBeDeleted>1</CanBeDeleted>
      <IsHidden>0</IsHidden>
      <FileName>/WebResources/new_ScriptsRibbonMFDjs6F8250AE-B41A-EB11-A813-000D3A329613</FileName>
    </WebResource>
  </WebResources>
  <CustomControls />
  <EntityDataProviders />
  <Languages>
    <Language>1033</Language>
  </Languages>
</ImportExportXml>