{"schemaVersion":"1.0","appDefinitionTemplate":{"id":"/providers/Microsoft.PowerApps/apps/","type":"Microsoft.PowerApps/apps","tags":{"primaryDeviceWidth":"1366","primaryDeviceHeight":"768","sienaVersion":"20200409T015123Z-3.20022.21.0","deviceCapabilities":"","supportsPortrait":"false","supportsLandscape":"true","primaryFormFactor":"Tablet","publisherVersion":"3.20022.21","minimumRequiredApiVersion":"2.2.0","hasComponent":"false","hasUnlockedComponent":"false"},"properties":{"appVersion":"2020-04-09T01:51:23Z","lifeCycleId":"Published","createdByClientVersion":{"major":3,"minor":20022,"build":21,"revision":0,"majorRevision":0,"minorRevision":0},"minClientVersion":{"major":3,"minor":20022,"build":21,"revision":0,"majorRevision":0,"minorRevision":0},"backgroundColor":"rgba(37, 62, 143, 1)","backgroundImageUri":"/12754891593449688515/Na2878290-e8d8-493e-b494-a8e4aea52a14-logoSmallFile","displayName":"FlowAdminCenter","description":"Use this dashboard to see all your flows in one place, turn the on or off, and hit the management page.","commitMessage":"","appUris":{"documentUri":{"value":"/12754891593449688515/N832947ef-0744-4955-8278-06d19e215b70-document.msapp","readonlyValue":"/12754891593449688515/N832947ef-0744-4955-8278-06d19e215b70-document.msapp"},"imageUris":[]},"createdTime":"0001-01-01T00:00:00Z","lastModifiedTime":"0001-01-01T00:00:00Z","sharedGroupsCount":0,"sharedUsersCount":0,"icons":{"smallIconUri":"/12754891593449688515/N7a907cc1-e1d4-48ae-9402-94ea696ffb67-small.png","mediumIconUri":"/12754891593449688515/N675a6802-f504-48f1-b6f7-df23bbbf1184-medium.png","largeIconUri":"/12754891593449688515/N944b7fdb-7a12-4bd7-b04b-4d1423839ca5-large.png","wideIconUri":"/12754891593449688515/N6fd253f6-89d6-486a-b769-4d79569492ec-wide.png"},"connectionReferences":{"ae01ba17-c28d-4d45-9eb7-65584c16aa2f":{"id":"69b29b07-9930-4d68-a5d9-2727adc446bf","displayName":"Power Automate for Admins","iconUri":"https://connectoricons-prod.azureedge.net/microsoftflowforadmins/icon_1.0.1324.1936.png","dataSources":["PowerAutomateforAdmins"],"dependencies":[],"dependents":[],"parameterHints":{},"isOnPremiseConnection":false,"bypassConsent":false,"dataSets":{},"apiTier":"Standard","isCustomApiConnection":false},"ed0a5754-4903-4087-ac67-ddebe09d8630":{"id":"ac2574c0-5eaa-4498-92a8-56e4764054f6","displayName":"Power Automate Management","iconUri":"https://connectoricons-prod.azureedge.net/flowmanagement/icon_1.0.1317.1924.png","dataSources":["PowerAutomateManagement"],"dependencies":[],"dependents":[],"parameterHints":{},"isOnPremiseConnection":false,"bypassConsent":false,"dataSets":{},"apiTier":"Standard","isCustomApiConnection":false}},"databaseReferences":{},"almMode":"Environment","performanceOptimizationEnabled":false,"canConsumeAppPass":true},"isAppComponentLibrary":false,"appType":"ClassicCanvasApp","appComponents":[]}}